platform,app_id,app_name,publisher_name,categories
gp,com.talking.wowacat,WOWaCAT,SIA ReklÄmas RÄ«ma,"GAME_MUSIC, GAME"
gp,com.arcade.xiaoxiaobuyu,å¤šäººæ•é­š_å°å°éŠæˆ²è¯ç¶²ç‰ˆ-æ·±æµ·æ©Ÿå°å°éœ¸ç‹æŒä¸Š1000æ‰“é­šé”äºº,Judy Deng,"GAME, GAME_CASINO"
gp,com.wsohbetmobil1_4535913,sohbetmobil1.com sohbetmobil1,Umut Turk,"APPLICATION, DATING"
gp,com.turner.mixelrush,Mixels Rush,Cartoon Network,"GAME_ACTION, GAME, FAMILY, FAMILY_ACTION"
gp,air.com.tutotoons.app.princesscleanuptime,Princess Castle Cleanup,TutoTOONS Kids Games,"GAME_EDUCATIONAL, GAME, FAMILY, FAMILY_ACTION"
gp,com.quizup.core,QuizUp,Glu,"GAME, GAME_TRIVIA"
gp,com.mattel.bestjobever,Barbieâ„¢ Best Job Ever,Mattel,"GAME_CASUAL, GAME, FAMILY, FAMILY_PRETEND"
gp,net.androbook.material110611215730_7fb639cb,DEMENTIA 21 Vol.1 English Ver.,BOOKLOUD Inc.,"APPLICATION, COMICS"
gp,air.com.spilgames.PuppetSoccerChampions2015,Puppet Soccer Football 2015,Spil Games,"GAME_SPORTS, GAME, FAMILY, FAMILY_ACTION"
gp,ru.sputnik.browser,Ğ¡Ğ¿ÑƒÑ‚Ğ½Ğ¸Ğº / Ğ‘Ñ€Ğ°ÑƒĞ·ĞµÑ€,Ğ¡Ğ¿ÑƒÑ‚Ğ½Ğ¸Ğº,"COMMUNICATION, APPLICATION"
gp,com.games2win.superschooldriver,Super School Driver 3D,Games2win.com,"GAME, GAME_RACING"
gp,com.ffp.RFLW,Rapscallions: Four Letter Words,Funky Finger Productions Inc,"GAME, GAME_WORD"
gp,com.nebo.pics4,4 Pics 1 Word: Reloaded,Nebo Apps,"GAME, GAME_WORD"
gp,com.gmail.manzhangdev.Corona,Hi Words - Word Search Game,HI STUDIO LIMITED,"GAME, GAME_WORD"
gp,com.apprope.wordbubbles,WordBubbles,Apprope,"GAME, GAME_WORD"
gp,com.fundroid.images4.word1.ar1,Ø£Ø±Ø¨Ø¹ ØµÙˆØ± ÙˆÙƒÙ„Ù…Ø© - Ø§Ø­Ø²Ø± Ø§Ù„ÙƒÙ„Ù…Ø©,SmileDroid,"GAME, GAME_WORD"
gp,com.biftektech.backgammonx,Backgammon xPlus,Biftek,"GAME, GAME_BOARD"
gp,com.silicondroid.battleship3dfree,Battleship 3D War Free,Silicon Droid,"GAME, GAME_BOARD"
gp,com.realarcade.CLB,Collapse! Blast: Match 3 Free,GameHouse,"GAME, GAME_PUZZLE"
gp,us.com.mine.sweeper.classic.game,Mine Sweeper Classic,Katon Software,"GAME, GAME_PUZZLE"
gp,com.blotinteractive.Bloxiq,bloxiq,Blot Interactive,"GAME, GAME_PUZZLE"
gp,qqapp.cocos2dx.math24,Math24 - A puzzle of math 24,12KK,"GAME, GAME_PUZZLE"
gp,com.snowysapps.griddlers,Griddlers,Snowy's Apps,"GAME, GAME_PUZZLE"
gp,com.zlatev.cowsbulls,Cows and Bulls,Marian Zlatev,"GAME, GAME_PUZZLE"
gp,com.pixeldrool.vrtunnel,VR HORROR TUNNEL,PixelDrool Studios,"GAME_ACTION, GAME"
gp,it.deagostini.EgixosLabyrinthRun,Egyxos - Labyrinth Run,De Agostini Publishing Italia S.p.A.,"GAME_ACTION, GAME"
gp,com.wShootingGame10level_3912767,Shooting Game 10 Level,Murali lal c k,"GAME_ACTION, GAME"
gp,com.scottgames.ragequitv2,Rage Quit,Scott Cawthon,"GAME_ARCADE, GAME"
gp,com.daovang.daovangkieumoi,ÄÃ o VÃ ng Kiá»ƒu Má»›i,Game Dua Xe Studio,"GAME_ARCADE, GAME"
gp,com.candyfrg.gurush,Cookie Paradise,Farm Paradise Inc.,"GAME_ARCADE, GAME"
gp,com.ngmoco.pocketgod,Pocket Godâ„¢,"Bolt Creative, Inc","GAME_ARCADE, GAME"
gp,com.NickApp.Logger,TreeTOP,Nicholas Duncan,"GAME_ARCADE, GAME"
gp,com.ketchapp.rushhero,Rush Hero,Ketchapp,"GAME_ARCADE, GAME"
gp,com.tastypill.twistyarrow,Twisty Arrow - Shoot The Wheel,tastypill,"GAME_ARCADE, GAME"
gp,com.bgames.android.basketball,Crazy Basketball - sports game,BGame ltd,"GAME_ARCADE, GAME"
gp,com.ketchapp.hophophop,Hop Hop Hop,Ketchapp,"GAME_ARCADE, GAME"
gp,com.breakout.poker,Poker Offline Online,Breakout Games,"GAME_CASINO, GAME"
gp,air.com.bitrhymes.bingo,Bingo Bash,"GSN Games, Inc.","GAME_CASINO, GAME"
gp,air.air.GiftClicker,Gift Clicker,jamboska,"GAME_CASUAL, GAME"
gp,com.tabtale.aliceinwonderland,Messy Alice Challenge,TabTale,"GAME_CASUAL, GAME"
gp,br.com.tapps.turtleevolution,Turtle Evolution - Mutant Turtles Clicker Game,Tapps Games,"GAME_CASUAL, GAME"
gp,bubbleshooter.arcade,Bubble Shooter Arcade,Free Bubble Shooter Games,"GAME_CASUAL, GAME"
gp,com.games2win.colorit,Color It â€“ Free Coloring Book,Games2win.com,"GAME_CASUAL, GAME"
gp,com.ibrahimsoft.fallingbricks,Falling Bricks,Ibrahimsoft,"GAME_CASUAL, GAME"
gp,com.askingapp.indoorquesting,Indoor Questing,Mdot Edot,"GAME_CASUAL, GAME"
gp,vp.laser.pointer.simulated,Laser Pointer Simulated,virgiplaying,"GAME_CASUAL, GAME"
gp,com.ugisl001.pickking,Find the Different,zhengweizou,"GAME_CASUAL, GAME"
gp,com.kidsfoodinc.android_make_iceslushy,FrostyÂ Ice Slushy - Food Maker,Kids Food Games Inc.,"GAME_CASUAL, GAME"
gp,com.argurth.queferiezvoussi,What would you do if ?,Argurth Games,"GAME_CASUAL, GAME"
gp,com.venkateswara.tapsoccer,Tap Soccer,Dumadu Games,"GAME_SPORTS, GAME"
gp,com.ketchapp.ketchapptennis,Ketchapp Tennis,Ketchapp,"GAME_SPORTS, GAME"
gp,br.com.tapps.basketboss,Basket Boss - Arcade Basketball Hoops Shooter Game,Tapps Games,"GAME_SPORTS, GAME"
gp,com.moonglabs.epiccricket,Epic Cricket - Big League Game,Nazara Games,"GAME_SPORTS, GAME"
gp,net.chobin.android.psdx,PORTABLE SOCCER DX,CHOBIN.net,"GAME_SPORTS, GAME"
gp,com.ghssyncomate,Syncomate+,Syncomate,"APPLICATION, TOOLS"
gp,com.mm.android.direct.gdmssphone,gDMSS Plus,"Zhejiang DAHUA Technology Co., Ltd","APPLICATION, TOOLS"
gp,pl.speedtest.android,V-SPEED Speed Test,V-SPEED.eu,"APPLICATION, TOOLS"
gp,processing.test.notsofast,Not So Fast,John Pyun,"APPLICATION, TOOLS"
gp,com.mediaone.rfidcheckin,GrowTix RFID,GrowTix,"APPLICATION, TOOLS"
gp,be.edenred.mobileapps,TicketFinder Belgium,Edenred Belgium,"APPLICATION, TOOLS"
gp,com.tyronlab.languagetranslator,Language Translator,Sound Lab.,"APPLICATION, TOOLS"
gp,bitamins.bmwaresd.apps.bitamins,Bitamins,BMWare Software Development,"APPLICATION, TOOLS"
gp,mdkdevelopers.android.com.mydockeeper,MyDocKeeper,BollyMusicDeveloper,"APPLICATION, TOOLS"
gp,com.nationaledtech.Boomerang,Boomerang - Parental and Screen Time Controls,National Education Technologies Inc.,"APPLICATION, TOOLS"
gp,hu.viago.viago,ViaGo,ViaGo,"APPLICATION, SOCIAL"
gp,com.skyfireapps.followersinsightapp,Follower Insight for Instagram,MonoMosaic,"APPLICATION, SOCIAL"
gp,myapp.jeditechs.mynaija,Naija - Dating and Social app,Jeditechs,"APPLICATION, SOCIAL"
gp,ru.guest.vk,ĞœĞ¾Ğ¸ Ğ³Ğ¾ÑÑ‚Ğ¸ Ğ¸ Ğ¿Ğ¾ĞºĞ»Ğ¾Ğ½Ğ½Ğ¸ĞºĞ¸ Ğ² Ğ’Ğš,WhiteKIT,"APPLICATION, SOCIAL"
gp,com.tc.yasinsuresi,Yasin Suresi Sesli Dinle,GÄ°ZCENT,"APPLICATION, SOCIAL"
gp,com.mcneilly.wt,World Trends,amcworks,"APPLICATION, SOCIAL"
gp,com.mostrarium.adhoc.vermutsolidario,Vermut Solidario,Mostrarium,"APPLICATION, SOCIAL"
gp,minposi.sapporo,ã‚³ãƒ³ã‚µãƒ‰ãƒ¼ãƒ¬æœ­å¹Œæ²ç¤ºæ¿&NEWS,minposi.corp,"APPLICATION, SPORTS"
gp,com.webuildapps.r.k.s.v.neo,RKSV NEO,Bluedesk Groep,"APPLICATION, SPORTS"
gp,com.ifishy.Northdakota,North Dakota Fishing Maps - 2K,ifishy.com,"APPLICATION, SPORTS"
gp,com.bluespruce.Singletracks,Singletracks Lite: MTB Trails,Blue Spruce Ventures,"APPLICATION, SPORTS"
gp,com.zepp.baseball,Zepp Baseball - Softball,"Zepp Labs, Inc.","APPLICATION, SPORTS"
gp,net.umajin.app,ç„¡æ–™ã®ç«¶é¦¬æƒ…å ±ãƒ»ç«¶é¦¬äºˆæƒ³ã‚¢ãƒ—ãƒªï¼ŠUMAJIN.net,"Link Bit Consulting Co.,Ltd.","APPLICATION, SPORTS"
gp,com.coastalwatch.hurleysurfapp,Surfstitch Surf Check,Coastalwatch,"APPLICATION, SPORTS"
gp,com.fantasypros.draftwizard.football,Fantasy Football Draft Wizard,FantasyPros,"APPLICATION, SPORTS"
gp,com.real3dlivewallpapers.slovakia,3D Slovakia Live Wallpaper,Real 3D Live Wallpapers,"APPLICATION, SPORTS"
gp,jp.co.yamap,YAMAP - Social Trekking App -,YAMAP INC.,"APPLICATION, SPORTS"
gp,com.camexgame.heroes,Heroes Tactics: Strategy PvP,Lilithgames,"GAME_STRATEGY, GAME"
gp,com.catstudio.interstellar,Fleet Commander,Cat Studio,"GAME_STRATEGY, GAME"
gp,com.yandex.moneytransfers,Money Transfers to Bank Cards,Ğ¯Ğ½Ğ´ĞµĞºÑ,"APPLICATION, FINANCE"
gp,ch.bankcoop.mobile.banking.android,Bank Cler,Bank Cler,"APPLICATION, FINANCE"
gp,cz.rb.app.smartphonebanking,MobilnÃ­ eKonto Raiffeisenbank,"Raiffeisenbank, a.s.","APPLICATION, FINANCE"
gp,eu.netinfo.colpatria.system,Colpatria Mobile Pers Banking,Colpatria Multibanca del grupo Scotiabank,"APPLICATION, FINANCE"
gp,com.bankapp.alldream,ì˜¬ë“œë¦¼ ê°œì¸ì‹ ìš©íšŒë³µ ê°œì¸íšŒìƒ ê°œì¸íŒŒì‚°,Bank app,"APPLICATION, FINANCE"
gp,fr.mftel.transcash,TRANSCASH VISA,Transcash France,"APPLICATION, FINANCE"
gp,giavang.com,GiÃ¡ VÃ ng,VN Dev Group,"APPLICATION, FINANCE"
gp,es.lacaixa.app.runtime.android,Pago de recibos,CaixaBank,"APPLICATION, FINANCE"
gp,com.pinedotstudios.labreminder,Lab Time,Juan Robayo,"APPLICATION, MEDICAL"
gp,net.ays.PROD589622,MSKUS,Shore GmbH MÃ¼nchen,"APPLICATION, MEDICAL"
gp,com.vivio.copdnl,COPD e-Beeldatlas,VIVIO SPRL,"APPLICATION, MEDICAL"
gp,com.andromo.dev594673.app627438,Obstetrician,simogamezone,"APPLICATION, MEDICAL"
gp,com.bigfishgames.solbcgoogfull,Sea: Burning Coast (Full),Big Fish Games,"GAME, GAME_ADVENTURE"
gp,com.terryyoung.herocraft,Work hard Hero!,Terry Young Studio,"GAME, GAME_ADVENTURE"
gp,com.g5e.brightstonemysteries.android,Brightstone Mysteries: Paranormal Hotel,G5 Entertainment,"GAME, GAME_ADVENTURE"
gp,com.mangarush.android,Manga Rush,Yann Badoual,"GAME, GAME_ADVENTURE"
gp,com.xs.monsterwar,Monster War,Italy Games,"GAME, GAME_ADVENTURE"
gp,air.com.begamer.adamandeve,Adam and Eve,BeGamer,"GAME, GAME_ADVENTURE"
gp,com.amwaterpark.rideba,Water Park Real Water Slide,V.I. Games,"GAME, GAME_ADVENTURE"
gp,br.com.heitorhog.supersofia,Super Sofia,Heitor Oliveira GonÃ§alves,"GAME, GAME_ADVENTURE"
gp,stellal.Sat,Satellite imagery 24h,zippop,"WEATHER, APPLICATION"
gp,com.hkv.dashboard.rainsatmalawi,Rainsat Malawi,HKV lijn in water BV,"WEATHER, APPLICATION"
gp,riseup.weatherapi,Real - Time Weather Forecast,Riseup Infotech,"WEATHER, APPLICATION"
gp,air.net.veronasolutions.BuoyData,NOAA Buoy and Tide Data,"Verona Solutions, LLC","WEATHER, APPLICATION"
gp,com.simple_mind.full_ver2,×”×—×–×¨×ª ×ª×¢×•×“×•×ª ×¡×¨×•×§×•×ª,Simple Mind Ltd,"APPLICATION, BUSINESS"
gp,com.Vocre.Translate,Vocre Translate,myLanguage,"APPLICATION, BUSINESS"
gp,com.diestechnology.apkawasher,Apka Washer,Apka Washer Laundry Service,"APPLICATION, BUSINESS"
gp,io.gonative.android.aldew,WageCounty,SiliconHire LLC,"APPLICATION, BUSINESS"
gp,com.skv,SKV,mobifly,"APPLICATION, BUSINESS"
gp,kau.coop,KAU COOP,PT Kinarya Desa Raharja,"APPLICATION, BUSINESS"
gp,com.ionicframework.colaborador182351,GS Mais,Grupo SimÃµes,"APPLICATION, BUSINESS"
gp,org.buykorea,buyKOREA,KOTRA,"APPLICATION, BUSINESS"
gp,com.kapgel.courier,Kurye,KapGel Teknoloji A.S.,"APPLICATION, BUSINESS"
gp,net.akasugu.android,èµ¤ã™ãnetï¼å¦Šå¨ ãƒ»å‡ºç”£ãƒ»è‚²å…ã‚’æ¥½ã—ãã™ã‚‹é€šè²©ã‚¢ãƒ—ãƒª,"Recruit Holdings Co.,Ltd.","APPLICATION, SHOPPING"
gp,com.tiffany.engagement,Tiffany Engagement Ring Finder,Tiffany & Co.,"APPLICATION, SHOPPING"
gp,appinventor.ai_charlesarohrer1.ShoppingListMaker,Simpler Shopping List Maker,N16dad,"APPLICATION, SHOPPING"
gp,com.nbb.app,notebooksbilliger.de App,notebooksbilliger.de AG,"APPLICATION, SHOPPING"
gp,com.ebay.kr.auction.used,ì˜¥ì…˜ì¤‘ê³ ì¥í„°_ì„±ìˆ™í•œ ì¤‘ê³ ê±°ë˜ì˜ ì‹œì‘,eBay Auction,"APPLICATION, SHOPPING"
gp,ec.com.multicash.cashbox,Cashbox EC,Macrotech Soluciones,"APPLICATION, SHOPPING"
gp,com.krepchenko.yourshoppinglist,Your Shopping List,Ann Krepchenko,"APPLICATION, SHOPPING"
gp,com.looket.gerio,ê²Œë¦¬ì˜¤ GERIO,ìŠ¤ë§ˆíŠ¸ìŠ¤í‚¨,"APPLICATION, SHOPPING"
gp,com.jdomni.jdsaisuryanetraseva,Sai Surya Netra Seva,Omni Service,"APPLICATION, SHOPPING"
gp,dk.releaze.android.bilbasen,BilBasen â€“ kÃ¸b brugte biler,Mobile Development eBay Denmark,"APPLICATION, SHOPPING"
gp,com.gcart.android.angel,Angel Shop,Gentacart,"APPLICATION, SHOPPING"
gp,com.tapandfood.rc_jin,JIN Restaurante Chino,Tap&Food,"APPLICATION, SHOPPING"
gp,com.jdomni.jdservicehubbangalore,Service Hub,OMNI SERVICES,"APPLICATION, SHOPPING"
gp,com.shopgate.android.app13209,W2Beauty Korean Cosmetic,Shopgate Inc.,"APPLICATION, SHOPPING"
gp,com.opongo.android,Mein DealğŸ’°SchÃ¤ppchen Angebote,Mein-Deal.com,"APPLICATION, SHOPPING"
gp,jp.pygmy.rodem,Rodem the Wild,"Pygmy Studio Co.,Ltd.","GAME, GAME_SIMULATION"
gp,com.mm.fire.recue.truck,Fire Driver Truck City Rescue,MobilMinds Apps,"GAME, GAME_SIMULATION"
gp,com.KGames.OffRoadSimulator,Off-Road Simulator,Emre KAYACI,"GAME, GAME_SIMULATION"
gp,com.gts.garbagetrucksimulator3d,Garbage,Game Time Studio,"GAME, GAME_SIMULATION"
gp,com.funnel.uchipuni,ã†ã¡ã®ã·ã«ã·ã«ã‚Šï½ã±ï½ ã€ã‹ã‚ã„ã„è‚²æˆã‚²ãƒ¼ãƒ /ã†ã¡ã·ã«ã€‘,funnel Inc.,"GAME, GAME_SIMULATION"
gp,br.com.tapps.mymonsterhouse,My Monster House - Make Beautiful Dollhouses,Tapps Games,"GAME, GAME_SIMULATION"
gp,com.cccp.manager.java,Hospital Manager,Anuman,"GAME, GAME_SIMULATION"
gp,com.playcoolzombiesportgames.colt.magnum.hunting.shooting.range.pistol.target.aim,Revolver Shooting Range Magnum,Play Cool Zombie Sport Games,"GAME, GAME_SIMULATION"
gp,com.hackers.app.hackersmp3,í•´ì»¤ìŠ¤ MP3 í”Œë ˆì´ì–´ - ë¬´ë£Œ í† ìµ í† í”Œ ì˜ì–´ ë¦¬ìŠ¤ë‹,(ì£¼) í•´ì»¤ìŠ¤,"APPLICATION, EDUCATION"
gp,com.lv.ltapps,Latvian LTApps for Beginners,LTApps,"APPLICATION, EDUCATION"
gp,com.giggleup.ITTA,Interactive Telling Time HD,GiggleUp Kids Apps And Educational Games,"APPLICATION, EDUCATION"
gp,com.andromo.dev94720.app267258,Multi Quran Radio 75 Stations,Halal Apps,"APPLICATION, EDUCATION"
gp,com.ionicframework.g1539555,Ontario G1 Test Prep Questions,Alpaca+Fox,"APPLICATION, EDUCATION"
gp,com.noegcoil.tamrurstudy,×œ×™××•×“ ×ª×™××•×¨×™×” - ×œ×™××•×“ ×ª××¨×•×¨×™×,Noeg.co.il,"APPLICATION, EDUCATION"
gp,com.gbury.learnsouthamericacountriesandcapitalcities,South America Countries,Gbury Apps,"APPLICATION, EDUCATION"
gp,cn.edu.zjicm.listen,çŸ¥ç±³å¬åŠ›,æ­å·è“è„‘æ•™è‚²ç§‘æŠ€æœ‰é™å…¬å¸,"APPLICATION, EDUCATION"
gp,dislame.bleje.eu.dituriaislame,Dituria Islame Nr 286,Rrahman Saramati,"APPLICATION, EDUCATION"
gp,com.grupovaughan.vaughanradio,Vaughan Radio,Vaughan Systems,"APPLICATION, EDUCATION"
gp,com.robotifun.genius.kidsLITE,Genius Kids Games F,AppQuiz,"APPLICATION, EDUCATION"
gp,com.appcademos.app,Appcademos,Appcademos,"APPLICATION, EDUCATION"
gp,com.lhr.toeicspeaking,ì˜ì–´ ë°œìŒ ë§ˆìŠ¤í„°,Bella98,"APPLICATION, EDUCATION"
gp,lenovo.qrokuyucu,YBS Konferans UygulamasÄ±,Dokuz EylÃ¼l Ãœnv. YÃ¶netim BiliÅŸim Sistemleri,"APPLICATION, EDUCATION"
gp,com.rsar.VideoPlayback.OnlineDemoDivyamPraveshika,Divyam Praveshika,RSAR APP ( Rachna Sagar ),"APPLICATION, EDUCATION"
gp,com.la.encarnacion,EncarnaciÃ³n Infantil,RaÃºl Rubio,"APPLICATION, EDUCATION"
gp,com.safeaid.fmaehoe,ëŒ€êµ¬ë§¤í˜¸ì´ˆë“±í•™êµ - ëŒ€êµ¬í–‰ë³µìŠ¤ì¿¨,êµ­ë¯¼ì•ˆì „ ìœ„ì›íšŒ,"APPLICATION, EDUCATION"
gp,com.pcverden.mybeautifularab,Ø§Ù„Ø¹Ø±Ø¨ÙŠØ© Ù„ØºØªÙŠ Ø§Ù„Ø¬Ù…ÙŠÙ„Ø©,A.C,"APPLICATION, EDUCATION"
gp,za.ac.unisa.mcqApp.starter,Unisa MCQ App,Thabo Mogaswa,"APPLICATION, EDUCATION"
gp,com.histoire.pour.les.enfants.en.arab,Ù‚ØµØµ Ù‚Ø¨Ù„ Ø§Ù„Ù†ÙˆÙ… Ù„Ù„Ø£Ø·ÙØ§Ù„ Ø¨Ø§Ù„ØµÙˆØª,FLANFRTLLAN,"APPLICATION, EDUCATION"
gp,maths.learners.workbook.AOUMPCHMWAQJVFSB,Grade-9-Maths-Polynomials,Learners' Planet,"APPLICATION, EDUCATION"
gp,com.blous.desgn,100 Blouse Designs in hindi,minixam,"APPLICATION, LIFESTYLE"
gp,com.tripmills.android.tarotdelux,Tarot Reader Delux,tripmills,"APPLICATION, LIFESTYLE"
gp,net.ays.PROD623490,La Barbieria di Milano,Shore GmbH MÃ¼nchen,"APPLICATION, LIFESTYLE"
gp,net.ays.PROD630592,Haarwerk Neuss,Shore GmbH MÃ¼nchen,"APPLICATION, LIFESTYLE"
gp,me.tangle,Tangle,NSI Holdings Limited,"APPLICATION, LIFESTYLE"
gp,com.shedev.eastergreetingcardsapp,easter greeting cards,SheDev,"APPLICATION, LIFESTYLE"
gp,com.leprechaun.lovetester,Love Tester,Leprechaun Apps,"APPLICATION, LIFESTYLE"
gp,com.tfactory.aos,T-Factory (èŒ¶æœ¨å®®å´æ¼ç‰§æ±äº¬ç¯‰åœ°é»å¿ƒç‘ªè‰),Teawood Taiwanese Dining Bar Limited,"APPLICATION, LIFESTYLE"
gp,net.ays.PROD595360,Fahrschule Gericke,Shore GmbH MÃ¼nchen,"APPLICATION, LIFESTYLE"
gp,org.yolcuyuz.moroccanrecipes,Moroccan Recipes,ÃœÃ§ Harf,"APPLICATION, LIFESTYLE"
gp,air.com.almosys.SimFront3,Hairstyle Simulator - SimFront,Almo Systems,"APPLICATION, LIFESTYLE"
gp,com.xxmassdeveloper.mentalmath,Mental Math Challenge,X.X_Mass_Developer,"GAME_EDUCATIONAL, GAME"
gp,com.softrance.asobikids.mituketa,ã¿ã¤ã‘ãŸã£ã¡ï¼ ï½ æ¢ã—çµµã‚ãã³ã§å½¢ã‚„è‰²ã‚’è¦šãˆã‚ˆã†ï¼,Softrance,"GAME_EDUCATIONAL, GAME"
gp,ztai.peimr.tmap,Taipei MRT Map,Timjj,"GAME, GAME_ROLE_PLAYING"
gp,air.jp.co.sumzap.ikusa,æˆ¦å›½ç‚èˆ -KIZNA-,"Sumzap, Inc.[ã‚½ãƒ¼ã‚·ãƒ£ãƒ«RPGå¥½ãå¿…è¦‹ã®DLç„¡æ–™ã®äººæ°—ãƒªã‚¢ãƒ«ã‚¿ã‚¤ãƒ ãƒãƒˆãƒ«ã‚²ãƒ¼ãƒ ãŒæº€è¼‰ï¼]","GAME, GAME_ROLE_PLAYING"
gp,com.unitm.android.footspa,Foot Spa - Pedicure Salon,Unit M Games,"GAME, GAME_ROLE_PLAYING"
gp,com.games2win.bffhsfashion2,BFF  High School Fashion 2,Games2win.com,"GAME, GAME_ROLE_PLAYING"
gp,com.ml.breedingguide,Breeding Guide Monster Legends,Breeding Guide,"GAME, GAME_ROLE_PLAYING"
gp,com.biz_card.BiziCard,BiziCard ååˆºã‚„å†™çœŸã‚’ã‚³ãƒ³ãƒ“ãƒ‹ãƒ—ãƒªãƒ³ãƒˆ,"Busica,Ltd.","APPLICATION, PHOTOGRAPHY"
gp,com.photoframesgroup.bestframes,Best Photo Frames,Photo Frames Group,"APPLICATION, PHOTOGRAPHY"
gp,com.onexlabs.vishu.photoframes,Vishu Photo Frames,Onex Labs,"APPLICATION, PHOTOGRAPHY"
gp,pomcoonglala.grid.photo.colorful,Colorful Grid Collage Photo,PomCoongLaDev,"APPLICATION, PHOTOGRAPHY"
gp,appztrends.digitalindia.zipperlockscreen,Digital India ZipperLockScreen,APPz Trends,"APPLICATION, PHOTOGRAPHY"
gp,com.bhsoft.bhchecklist,Checklist ad-free,BH Soft,"APPLICATION, PRODUCTIVITY"
gp,run.todigoungrun,å¹¸ç¦å¤œå¥”,å®œè˜­å›ä»”æ´»å‹•ä¼åŠƒé¡§å•æœ‰é™å…¬å¸,"APPLICATION, PRODUCTIVITY"
gp,crazyslam.com.timeanddatecalculator,Date and Time calculator,Pradap Pandian,"APPLICATION, PRODUCTIVITY"
gp,com.imagenescompartir.buenasnochesamor,Buenas Noches Amor,SLIDE&SHARE,"APPLICATION, ENTERTAINMENT"
gp,com.inthepocket.kinepolis,Kinepolis,Kinepolis Group N.V.,"APPLICATION, ENTERTAINMENT"
gp,com.sonymusic.bangbang,Bang Bang Movie Songs,Sony Music India,"APPLICATION, ENTERTAINMENT"
gp,com.conduit.app_8a81ace3c3454118a2d2c46286269b55.app,WSJ,Western Sydney Jump,"APPLICATION, ENTERTAINMENT"
gp,com.icequeenmedia.android_suitorexperiment,Kissed by the Baddest Boss,Ice Queen Media,"APPLICATION, ENTERTAINMENT"
gp,com.acrossair.tvguideuk,TVGuide.co.uk TV Guide UK,TV guide,"APPLICATION, ENTERTAINMENT"
gp,com.evilsofts.lovecalculatorpro,Real Love Test Calculator,Marigold studio,"APPLICATION, ENTERTAINMENT"
gp,com.salat.adhan.wasafatapps,Ù…ÙˆØ§Ù‚ÙŠØª Ø§Ù„ØµÙ„Ø§Ø© ÙˆØ§Ù„Ø§Ø°Ø§Ù† (Ø¬Ø¯ÙŠØ¯),wasafatapps,"APPLICATION, ENTERTAINMENT"
gp,com.palmeralabs.animals_stickers,Real Animals Photo Stickers,Palmera Labs,"APPLICATION, ENTERTAINMENT"
gp,com.stickystudios.jaegerar,PACIFIC RIM: KAIJU BATTLE,Warner Bros. International Enterprises,"APPLICATION, ENTERTAINMENT"
gp,com.gamania.beanfun,beanfun! App,"Gamania Digital Entertainment Co., Ltd.","APPLICATION, ENTERTAINMENT"
gp,com.kirkoz.toyorjana.baby,Ø·ÙŠÙˆØ± Ø§Ù„Ø¬Ù†Ø© 2017 Ø±ÙˆÙˆØ¹Ø©,kirkozapps,"APPLICATION, ENTERTAINMENT"
gp,com.osama.afasi,Ø§Ù„Ù‚Ø±Ø¢Ù† Ø§Ù„ÙƒØ±ÙŠÙ… - Ù…Ø´Ø§Ø±ÙŠ Ø§Ù„Ø¹ÙØ§Ø³ÙŠ,DevelopEx,"APPLICATION, VIDEO_PLAYERS"
gp,com.videos.acapella,Player for Acapella singing,Pride Star Apps INC,"APPLICATION, VIDEO_PLAYERS"
gp,com.test.az01,Test Application AZ 01,Az seller,"APPLICATION, VIDEO_PLAYERS"
gp,com.tpgld16imgapp,Ù¡Ù¦ Ø§Ù„Ù ØµÙˆØ±Ø© ÙˆØ§ØªØ³ Ø§Ø¨ Ø±ÙˆÙˆÙˆÙˆØ¹Ø©,SPEEDAPPS,"APPLICATION, VIDEO_PLAYERS"
gp,com.animatives.bestbit,BestBit - best bits into video,Animatives,"APPLICATION, VIDEO_PLAYERS"
gp,com.bniproductions.android.myanimationmaker,MyAnimationMaker,Mark Conkle,"APPLICATION, VIDEO_PLAYERS"
gp,com.mealocity.lazzatfastfood,Lazzat Fast Food,Mealocity Food Tech,"FOOD_AND_DRINK, APPLICATION"
gp,com.done.faasos,FAASOS - Order Food Online,FFSPL,"FOOD_AND_DRINK, APPLICATION"
gp,com.saxophoneallin1pro,Saxophone All-in-one-pro,Stephen Cheung - S.C.,"APPLICATION, MUSIC_AND_AUDIO"
gp,org.zenoradio.radiovisiondegloire,Radio Vision de Gloire,ZenoRadio LLC,"APPLICATION, MUSIC_AND_AUDIO"
gp,com.gismart.guitar.tuner,Chromatic Guitar Tuner Free: Ukulele Bass Violin,Gismart,"APPLICATION, MUSIC_AND_AUDIO"
gp,net.nextnature.wifiangels,WIFI Angels,Next Nature Network,"APPLICATION, MUSIC_AND_AUDIO"
gp,com.music.audio.mp3.player,Music Player 2017 ğŸ¼,Smiley Tech,"APPLICATION, MUSIC_AND_AUDIO"
gp,com.ignacemaes.bpmtap,BPM Tap,Ignace,"APPLICATION, MUSIC_AND_AUDIO"
gp,net.media.store.Ro3b1,Ù‚ØµØµ Ø±Ø¹Ø¨ 1,Media Store Apps,"APPLICATION, MUSIC_AND_AUDIO"
gp,com.maxxt.pcradio,Radio Online - PCRADIO,PCRADIO,"APPLICATION, MUSIC_AND_AUDIO"
gp,com.paolosanchez.imusicfreemusic,iMusic - 100% Free Music,Paolo Sanchez,"APPLICATION, MUSIC_AND_AUDIO"
gp,com.shoutcast.stm.radionovaondafm,RÃ¡dio Nova Onda FM,AgÃªncia Host Web,"APPLICATION, MUSIC_AND_AUDIO"
gp,com.vlocker.theme.westworld,West World theme-Vlocker,vlockertheme,"APPLICATION, PERSONALIZATION"
gp,com.Supernatural.FullMoonLiveWallpaper,Full Moon Live Wallpaper,Black Face Monster VS Supernatural Zombie,"APPLICATION, PERSONALIZATION"
gp,neon.livewallpaper,Neon LiveWallpaper,Rooty Pict,"APPLICATION, PERSONALIZATION"
gp,com.apptornado.backgrounds,Best Wallpapers & Backgrounds,AppTornado,"APPLICATION, PERSONALIZATION"
gp,com.orange.travel.orange,Orange Travel,Orange Romania,"TRAVEL_AND_LOCAL, APPLICATION"
gp,com.universalstudios.orlandoresort,Universal OrlandoÂ® Resort App,"NBCUniversal Media, LLC","TRAVEL_AND_LOCAL, APPLICATION"
gp,de.sevenmind.android,7Mind Meditation & Achtsamkeit,7Mind GmbH,"APPLICATION, HEALTH_AND_FITNESS"
gp,nl.hqmedia.quitsmokingbuddyfree,Quit Smoking Now: Quit Buddy!,HQmedia,"APPLICATION, HEALTH_AND_FITNESS"
gp,net.ays.PROD579528,STRAFF & SCHÃ–N,Shore GmbH MÃ¼nchen,"APPLICATION, HEALTH_AND_FITNESS"
gp,com.hooge.timedtrainer,Timed Trainer,Blue Crab,"APPLICATION, HEALTH_AND_FITNESS"
gp,com.rockstar.strainer,Night Mode-Battery & Eye Saver,YourRockstarCare,"APPLICATION, HEALTH_AND_FITNESS"
gp,com.juicemaster.fiveTwoDiet,Jason Vale's 5:2 Juice Diet,Juice Master,"APPLICATION, HEALTH_AND_FITNESS"
gp,jp.co.vantageapps.app.snore,å¯è¨€ãƒ»ã„ã³ãéŒ²éŸ³ã‚¢ãƒ—ãƒªã€€ã€œå¿«çœ ã‚µãƒãƒ¼ãƒˆã‚¢ãƒ—ãƒªã€œ,"VantageApps Co., Ltd.","APPLICATION, HEALTH_AND_FITNESS"
gp,com.akilliuygulamalar.hamilelikvegebeliktakibi,Hamilelik ve Gebelik Takibi,AkÄ±llÄ± Uygulamalar,"APPLICATION, HEALTH_AND_FITNESS"
gp,fr.yoo.radio.fUSA,Radio USA,SoSo Online Radio,"APPLICATION, LIBRARIES_AND_DEMO"
gp,com.thinimprove.italianrecipe,Italian recipes,thinimprove,"APPLICATION, LIBRARIES_AND_DEMO"
gp,com.capiratech.bcplmobile,BCPL Mobile,Boone County Public Library,"APPLICATION, LIBRARIES_AND_DEMO"
gp,com.mediageneral.wspa,WSPA 7News,Nexstar Digital (formerly Media General),"NEWS_AND_MAGAZINES, APPLICATION"
gp,de.bayercropscience,Bayer Agrar Wetter,Bayer CropScience Deutschland GmbH,"NEWS_AND_MAGAZINES, APPLICATION"
gp,jp.co.hokkaido_np.epaper,ã©ã†ã—ã‚“é›»å­ç‰ˆç´™é¢ãƒ“ãƒ¥ãƒ¼ã‚¢ãƒ¼,åŒ—æµ·é“æ–°èç¤¾,"NEWS_AND_MAGAZINES, APPLICATION"
gp,fi.hs.android,Helsingin Sanomat,Sanoma Media Finland,"NEWS_AND_MAGAZINES, APPLICATION"
gp,com.hearst.android.wxii,WXII 12 News and Weather,"HTVMA Solutions, Inc.","NEWS_AND_MAGAZINES, APPLICATION"
gp,jp.co.fujisan.android,ç„¡æ–™ã§5000å†Šä»¥ä¸Šã®é›‘èªŒãŒèª­ã‚ã‚‹FujisanReader,"Fujisan Magazine Service Co., ltd.","NEWS_AND_MAGAZINES, APPLICATION"
gp,com.motorpress.menshealthnewsstand,Revista Men's Health,Motorpress Rodale,"NEWS_AND_MAGAZINES, APPLICATION"
gp,com.alymennews,Ø£Ø®Ø¨Ø§Ø± Ø§Ù„ÙŠÙ…Ù† Yemen News,Aljwaal Forulike,"NEWS_AND_MAGAZINES, APPLICATION"
gp,com.knvo,KNVO Channel 48 News,Entravision Communications,"NEWS_AND_MAGAZINES, APPLICATION"
gp,com.radiofmlatviapro,Radio FM Latvia Pro,Online Radio Free Stationsâ€,"NEWS_AND_MAGAZINES, APPLICATION"
gp,com.guides.minecraftnewtp.pe,Texture Packs For Minecraft PE,AR Media,"NEWS_AND_MAGAZINES, APPLICATION"
gp,com.freevpn.operavpn,Turbo Opera VPN - Unlimited Proxy Guide,Free vpn advice,"APPLICATION, BOOKS_AND_REFERENCE"
gp,com.lucky.japanesefood1,Complete Japanese Food Recipes,SherLuck,"APPLICATION, BOOKS_AND_REFERENCE"
gp,com.mobisystems.msdict.embedded.wireless.oxford.spanish,Oxford Spanish Dictionary,MobiSystems,"APPLICATION, BOOKS_AND_REFERENCE"
gp,com.astics.geeta,Shrimad Bhagavad Gita audio,Astics Inc,"APPLICATION, BOOKS_AND_REFERENCE"
gp,com.marlon0008.armyguide,Army Guide,Marlon Clark,"APPLICATION, BOOKS_AND_REFERENCE"
gp,com.appmk.magazine.AOVFPIENQSAUZWAJ,Reglament CPPK,mattecink,"APPLICATION, BOOKS_AND_REFERENCE"
gp,bluepin_app.cont.dino_world_eng,Dino World,BLUEPIN Corp.,"APPLICATION, FAMILY_EDUCATION, FAMILY, EDUCATION"
gp,gov.nasa,NASA,NASAÂ ,"APPLICATION, FAMILY_EDUCATION, FAMILY, EDUCATION"
ios,301387274,Pocket God,Bolt Creative,"Entertainment, Games"
ios,932332472,King Tut Hidden Object Games,Big Leap Studios,"Entertainment, Games/Family, Games/Puzzle, Games"
ios,1079760016,Video Walkthrough for Planetary Annihilation: Titans,Chi Kau Wan,"Games/Strategy, Reference, Games/Adventure, Games"
ios,672145500,Crazy Basketball - sports games,Texas Poker,"Games/Sports, Games/Action, Games"
ios,1024142466,Followers Insight for Instagram,SkyFireApps,"Utilities, Social Networking"
ios,869945306,NOAA Buoy Data,"Engineering Goodness, LLC","Weather, Reference"
ios,934296352,Bingo Best,Urmila Pankhanya,"Entertainment, Games/Adventure, Games, Games/Dice"
ios,923957969,Bang Bang Movie Game,Nazara Technologies Private Limited,"Games/Racing, Games/Action, Games"
ios,1182307188,Mobilificio Torinese,Webmobili srl,"Catalogs, Lifestyle"
ios,638418451,WOWaCAT Free,Reklamas Rima SIA,"Games/Music, Games/Word, Music, Games"
ios,1019062274,Math24 - A puzzle of math 24 by 4 cards,QQ TSUBASA,"Games/Family, Games/Puzzle, Sports, Games"
ios,1154950674,Cheats Tips For Legends of Honor,Michail Popkovic,"Entertainment, Games/Strategy, Games/Adventure, Games"
ios,388954265,WSPA 7News - Greenville Spartanburg SC,Media General,"Productivity, News"
ios,670470690,Ø£Ø±Ø¨Ø¹Ø© ØµÙˆØ± ÙˆÙƒÙ„Ù…Ø© - Ø§Ù„Ù…Ø·ÙˆØ±Ø©,SARA GOODNEWS4ME Co.,"Games/Puzzle, Games/Word, Lifestyle, Games"
ios,975065663,Frosty Slushy - Ice Drink Maker,Slushy,"Games/Educational, Education, Games/Music, Games"
ios,936290706,ã†ã¡ã®ã·ã«ã·ã«ã‚Šã€œã±ã€œ ã€ã‹ã‚ã„ã„è‚²æˆã‚²ãƒ¼ãƒ ã€‘,funnel,"Games/Simulation, Games/Action, Games"
ios,455220231,Ø·ÙŠÙˆØ± Ø§Ù„Ø¬Ù†Ø© 2015,apps factory LTD,"Music, Lifestyle"
ios,957198634,Love Tester â—Œ,Daniel Storm,"Entertainment, Games/Family, Games/Simulation, Games"
ios,1067618355,å¤šäººæ•é±¼,Judy Deng,"Entertainment, Games/Board, Games, Games/Dice"
ios,927523832,Barbieâ„¢ Best Job Ever: Pastry Chef,"Mattel, Inc.","Entertainment, Games/Family, Games/Educational, Games"
ios,387141913,Best wallpapers & backgrounds HD,Splash Gene,"Entertainment, Photography"
ios,1188686026,Surfers a Way The Subway Running Dash,Danupons Chalampons,"Sports, Games/Action, Games/Arcade, Games"
ios,511945342,Breeding Guide for DragonVale,The Next Flow,"Games/Role Playing, Games/Simulation, Games"
ios,718421443,QuizUpâ„¢,Glu Games Inc,"Games/Educational, Games/Trivia, Social Networking, Games"
ios,1068092686,Blossom Beauty Spa Salon,Unit M,"Games/Family, Games/Role Playing, Lifestyle, Games"
ios,1062336345,A Rushing Spinny Circle Free Dodge Shape Spike.s & Tapping games,Teerawut Sanprom,"Entertainment, Games/Strategy, Games/Arcade, Games"
ios,1187951410,Turtle Evolution | Tortoise Clicker Game,Tapps Tecnologia da InformaÃ§Ã£o Ltda.,"Entertainment, Games/Family, Games/Strategy, Games"
ios,443819138,Monster Wars,Liv Games,"Games/Role Playing, Games/Strategy, Games"
ios,812937888,4 Pics Mystery: Reloaded,Emillia Lapina,"Games/Puzzle, Games/Word, Games"
ios,1238864909,Sicredi FÃ¡cil,Marcos Ramos,"Lifestyle, Finance"
ios,997252932,æé¾™å½’æ¥,CloudCis,Books
ios,597859872,Saint Charbel,Accessibilities,"Reference, Lifestyle"
ios,1135415576,MSKUS,Shore GmbH,"Medical, Business"
ios,779381383,é¦¬åˆ¸ãƒ»ç«¶é¦¬äºˆæƒ³ã¯UMAJIN.netï¼ç«¶é¦¬æƒ…å ±ã‚¢ãƒ—ãƒª,"Link Bit Consulting Co.,Ltd.","Entertainment, Sports"
ios,689220497,Hi Words - Word Search Game for Brain Training,Man Zhang,"Games/Word, Games/Board, Games"
ios,518119428,Collapse! Blast,GameHouse,"Games/Puzzle, Social Networking, Games/Arcade, Games"
ios,1161374761,Color It - Free Coloring App,Games2win,"Entertainment, Games/Educational, Games/Family, Games"
ios,998814819,ÄÃ o VÃ ng 2016 - Má»›i,Conafox,"Entertainment, Games/Adventure, Games/Arcade, Games"
ios,1187802265,Tap Soccer Challenge,Dumadu Games Pvt Ltd,"Entertainment, Games/Sports, Games/Arcade, Games"
ios,1211945108,Last Adventures 15 : Escape Scary Zombie House,lijun Deng,"Games/Puzzle, Games/Adventure, Games"
ios,325080675,SurfStitch Surf Check - Surf Cams Surf Reports Surf Forecasts Surf Videos & News,Coastalwatch,"Weather, Sports"
ios,1094185641,Transcash,Transcash France,"Shopping, Finance"
ios,373775364,ã€é›‘èªŒãƒ»ã‚¿ãƒ€èª­ã¿ã€‘FujisanReaderï¼ˆãƒ•ã‚¸ã‚µãƒ³ãƒªãƒ¼ãƒ€ãƒ¼ï¼‰,"Fujisan Magazine Service Co., Ltd.","Books, News"
ios,1170338076,Spider Solitaire Spiderette-Man Unlimited Pro 2,Gyanburu LLC,"Games/Card, Games"
ios,580399292,æˆ¦å›½ç‚èˆ -KIZNA- ã€äººæ°—ã®æœ¬æ ¼æˆ¦å›½RPGã€‘,Sumzap Inc.,"Games/Role Playing, Social Networking, Games/Card, Games"
ios,1154396453,ç¥å·2016ï¼šå…è´¹æ¢é™©è§£å¯†æ¸¸æˆï¼Œæé«˜å„¿ç«¥æ¢ç´¢èƒ½åŠ›,WUJIN LIN,"Education, Music"
ios,1112166452,My Monster House - Create and Decorate Your Spooky Home,Tapps Tecnologia da InformaÃ§Ã£o Ltda.,"Games/Educational, Entertainment, Games/Simulation, Games"
ios,1184923705,Pollares Laser,Andre Furtado,"Medical, Utilities"
ios,738455135,Zepp Baseball & Softball Swing Analyzer,ZEPP TECHNOLOGY,"Sports, Lifestyle"
ios,1062609683,Sand Circuit Race,Peter Bazso,"Games/Racing, Games/Sports, Games"
ios,1113279657,åŠ¨æ¼«ç›¸æœº-LoveLiveä¸“å±ç‰ˆ,Wu Tongzi,Photography
ios,1047146871,Heroes Tactics : PvP Strategy Game,Lilith Games,"Entertainment, Games/Strategy, Games/Card, Games"
ios,833353131,Princess party cleanup,Jinlong Chen,"Games/Family, Games/Trivia, Games"
ios,373041892,Agrar Wetter,Bayer Group,"Business, Weather"
ios,467227323,eAlth,Sterling Systems Pty. Ltd.,Medical
ios,1129756283,Guinea King,Gareth Sibson,"Entertainment, Games/Puzzle, Games/Arcade, Games"
ios,1190101082,Find Differences In Industry,wang kai,"Games/Trivia, Travel, Games/Adventure, Games"
ios,972372967,Satellite image 24h,Kazuhiko Uno,Weather
ios,904241944,Puppet Soccer Champion 2015,SPIL GAMES,"Entertainment, Games/Sports, Games/Action, Games"
ios,719574081,Hospital Manager â€“ Build and manage a one-of-a-kind hospital,Anuman,"Entertainment, Games/Simulation, Games/Action, Games"
ios,1024958644,Our Shoplist,Aboratec S.C.P,"Food & Drink, Utilities"
ios,1089502637,ĞĞ°ĞºÑ€ÑƒÑ‚ĞºĞ° Ğ»Ğ°Ğ¹ĞºĞ¾Ğ² Ğ¸ Ğ¿Ğ¾Ğ´Ğ¿Ğ¸ÑÑ‡Ğ¸ĞºĞ¾Ğ² Ğ² Ğ’Ğš Ğ² 1 ĞºĞ»Ğ¸Ğº,Vladyslav Sporykhin,Social Networking
ios,582284493,Radio - Australia,Qukio,"Entertainment, Utilities"
ios,1077716338,Backgammon Offline,EMRE KOC,"Games/Board, Games, Games/Dice"
ios,1187800694,ç•…é›…æ–—åœ°ä¸»,Yinan Yin,"Sports, Games/Card, Games, Games/Casino"
ios,585537923,Mein Deal - Deals SchnÃ¤ppchen & gratis Artikel,Ralph Moeller,"News, Finance"
ios,1039748465,Fleet Command â€“ Kill enemy ship & win Legion War,Xiaofei XiaofeiZhao,"Games/Strategy, Social Networking, Games/Adventure, Games"
ios,775687917,ĞĞ¾Ğ²Ğ¾Ğ³Ğ¾Ğ´Ğ½Ğ¸Ğµ Ğ¿Ñ€Ğ¸ĞºĞ»ÑÑ‡ĞµĞ½Ğ¸Ñ Ğ´ĞµĞ´ÑƒÑˆĞºĞ¸ Ğ¼Ğ¾Ñ€Ğ¾Ğ·Ğ°.,appscraft,"Entertainment, Games/Family, Games/Adventure, Games"
ios,1249954403,Color Hockey,Shiquan SHI,"Entertainment, Games/Family, Games/Arcade, Games"
ios,1148320769,Ketchapp Tennis,Ketchapp,"Games/Sports, Sports, Games/Action, Games"
ios,473225075,Revista Men's Health Brasil,Abril,"Newsstand, Lifestyle"
ios,1156910771,Witch Trap STG,Joshua Sani,"Games/Role Playing, Games/Action, Games"
ios,1086379636,Twisty Arrow - Shoot the Circle Wheel,tastypill,"Games/Music, Games/Simulation, Games"
ios,506617468,TicketFinder,Edenred Belgium,"Utilities, Navigation"
ios,1198288681,Art Priime Photographers,Macs Indietech,"Photography, Lifestyle"
ios,407218484,BilBasen â€“ kÃ¸b og salg af nye og brugte biler,Bil Markedet ApS,"Utilities, Lifestyle"
ios,454405637,Vocre Translate - Voice and Text Translator,myLanguage,"Business, Travel"
ios,865012359,Srimad Bhagavad Gita - Multi language audio,Creative Infoway,"Books, Lifestyle"
ios,981576068,Bloxiq,Blot Interactive,"Games/Puzzle, Games/Strategy, Games"
ios,824452524,Ø§Ù„Ù‚Ø±Ø§Ù† Ø§Ù„ÙƒØ±ÙŠÙ… - Ù…Ø´Ø§Ø±ÙŠ Ø§Ù„Ø¹ÙØ§Ø³ÙŠ,Ahmed hn,"Reference, Productivity"
ios,1116621845,å¥½æ · - è®©å­©å­å…»æˆå¥½ä¹ æƒ¯,Ye Ling,"Utilities, Health & Fitness"
ios,1141658662,Exiting Summer,"GOOD PLACE, K.K.","Games/Role Playing, Games/Adventure, Games"
ios,528991769,France,Gabriele Petrone,"Entertainment, Travel"
ios,1119560044,Super School Driver - Bus Simulator 3D,Games2win,"Education, Games/Racing, Games/Simulation, Games"
ios,1224951020,Sweeter - Coffee to go,Vidzhai Hukasian,"Food & Drink, Business"
ios,617996793,Jason Valeâ€™s 5-Day Juice Challenge (5lbs in 5 Days),Juice Master,"Food & Drink, Health & Fitness"
ios,959332506,Plugged - Stream Podcasts Music & More Free,Hiphopdaily LLC,"Entertainment, News"
ios,946510788,Adam And Eve - 1,Tang WeiChun,"Games/Adventure, Games/Arcade, Games"
ios,1132389684,Basket Boss - Fun Arcade Basketball Hoops Shooter,Tapps Tecnologia da InformaÃ§Ã£o Ltda.,"Entertainment, Games/Simulation, Games/Sports, Games"
ios,1018650072,Poker Online & Offline,Meenu Agarwal,"Entertainment, Games/Card, Games, Games/Casino"
ios,1029691441,TrailMapps: Williams Lake,Ryan Robertson,"Travel, Reference"
ios,1017493573,DEEPPOST FM â€“ Ğ­Ğ¢Ğ Ğ”Ğ˜ĞŸĞ§Ğ˜Ğš Ğ”Ğ•Ğ¢ĞšĞ!,Valentin Sokolov,Music
ios,986366398,Lull-A-Bear,Unilever,Music
ios,962157025,TSV 07 KÃ¶ln Merheim e.V.,Tobit.Software,Sports
ios,1132708558,Fantasy Football Draft Wizard by FantasyPros,Marzen Media LLC,Sports
ios,723605118,Gasthof zum LÃ¶wen Maassmann,Tobit.Software,Travel
ios,878217080,The Official Universal OrlandoÂ® Resort App,"NBCUniversal Media, LLC",Travel
ios,1036050382,FXã®æ¥µã¿,Advan inc.,Finance
ios,549863326,BancaPontiMobile,Gruppo Banca Carige,Finance
ios,871171285,Money transfers,Yandex LLC,Finance
ios,999291025,Colpatria Mobile Personal Banking,Colpatria Bank,Finance
ios,410321819,Pago de impuestos recibos y multas,"""la Caixa""",Finance
ios,998277543,å¤©æ´¥é•¿è£å¥è±ªä»·æ ¼æŸ¥è¯¢,å¥è±ªå°åˆ·äº‹æ¥­è‚¡ä»½æœ‰é™å…¬å¸,Business
ios,1135368159,æ¹–åŒ—å…»ç”Ÿä¿å¥,wei qian,Business
ios,1197043828,Rahnama,Navid Pourmohammadvalibehnami,Business
ios,1097475037,Ristas Studios,PLANTECH LTD,Business
ios,815491492,P.I.G.,Pulppartners sarl,Business
ios,656548633,JoJo.App,Tobit.Software,Business
ios,1121767897,TAO app para negocios,O.S. Group,Business
ios,451280879,The Talent Project,"Kelly Services, Inc.",Business
ios,425356964,DALIM DVL,DALIM SOFTWARE GmbH,Business
ios,888428132,Rescue Air,florencio martinez,Business
ios,953339420,UniSA App,University of South Australia,Education
ios,1210246323,Wangi Wangi Public School,SKOOLBAG PTY LTD,Education
ios,796991072,Radio Vaughan,Vaughan Systems,Education
ios,531669642,í•´ì»¤ìŠ¤ MP3 í”Œë ˆì´ì–´,"Hackers Co., Ltd.",Education
ios,1146814630,Fahrschule KÃ¶rber,Shore GmbH,Lifestyle
ios,1251094306,MosDefinite Hair Salon,Jc Masithela,Lifestyle
ios,968434294,Daly Male,Youbiquity Pty Ltd,Lifestyle
ios,1171331694,ì‹¬ì¿µíƒ€ë¡œìš´ì„¸,ì›ë”ì›”ì†Œí”„íŠ¸,Lifestyle
ios,944524727,House Of The Rock Church,CommunityToGo Pty Ltd,Lifestyle
ios,1199831528,La Barbieria di Milano,Shore GmbH,Lifestyle
ios,1036169984,PHANTOM ATHLETICS,Ortwin Kartmann,Lifestyle
ios,1147128943,Bucaneros Panama,Kgroop,Lifestyle
ios,969075498,Digel Shop,e-shop-direct.com,Lifestyle
ios,1038800927,å†…è’™ç¯ä¿ç»¿åŒ–,CNWIR BJ,Lifestyle
ios,871700050,W2Beauty Korean Cosmetics online shop,Ortwin Kartmann,Lifestyle
ios,1205416102,Haarwerk Neuss,Shore GmbH,Lifestyle
ios,1195471231,æ¸©é¦¨ç‰©ä¸š,"Tian Lan Technology Co., Ltd.",Utilities
ios,1208127205,Image Downloader & Viewer,Koichiro Umemiya,Utilities
ios,930377055,Internet Speed Check,V-SPEED.EU,Utilities
ios,1108282446,beanfun! App,Gamania Digital Entertainment,Entertainment
ios,1069354702,Ù‚ØµØµ Ø±Ø¹Ø¨ - Ø¬Ø¯ÙŠØ¯,abedalkareem omreyh,Entertainment
ios,964795133,Test love calculator,Alejandro Melero Zaballos,Entertainment
ios,385779737,KTVN Channel 2 News,Mobdub LLC,"Weather, News"
ios,380643421,HS - Helsingin Sanomat,Sanoma Media Finland,"Weather, News"
ios,1131768548,Creston News,Shaw Suburban Media,"Weather, News"
ios,505569365,WXII 12 News - Piedmont Triad News and Weather,Hearst Television,"Weather, News"
ios,791323591,Grand Massif Official,Skiplan Lumiplan Montagne,"Travel, Sports"
ios,385100119,Singletracks Lite,Blue Spruce Ventures,"Travel, Sports"
ios,558780450,YAMAP - Social GPS Trekking Companion,YAMAP,"Travel, Sports"
ios,597772198,What Would You Do??,Free Style,"Books, Reference"
ios,1037425926,Yasin Suresi Dinle,Burhan Capak,"Books, Reference"
ios,1186172984,Ramayan Hindi,Nikunj Sutariya,"Books, Reference"
ios,660617716,Dino World.,BLUEPIN Corp.,"Education, Books"
ios,464225941,Alice in Wonderland - Interactive Book by iBigToy,iBigToy Book,"Education, Books"
ios,1146418854,Homecare Patient App,Philips,Health & Fitness
ios,1211832875,Lomax,"MINDBODY, Incorporated",Health & Fitness
ios,1155165810,Golfclub Ottenstein,Vatensa,Health & Fitness
ios,662890455,Chromatic Guitar Tuner: Ukulele Bass Violin,Gismart,"Utilities, Music"
ios,286052382,BPM Tap Tempo,Audiodog,"Utilities, Music"
ios,866767924,GiÃ¡ VÃ ng - Doji,DOJI GOLD & GEMS GROUP JOINT STOCK COMPANY,"Business, Finance"
ios,538751727,Raiffeisenbank CZ - MobilnÃ­ eKonto,"Raiffeisenbank, a.s.","Business, Finance"
ios,1191617405,Smart Stocks 2.0,ST Virtual,"Business, Finance"
ios,955334092,Armenian Words for Food Audio,Petros Asrat,"Education, Travel"
ios,912315776,Kanazawa Castle AR Tour,"iPublishing Co., Ltd.","Education, Travel"
ios,1028323338,Aerobus,BusOnlineTicket Sdn Bhd,"Utilities, Travel"
ios,783623072,RozkÅ‚ad Kolejowy,PKP Polskie Linie Kolejowe S.A.,"Utilities, Travel"
ios,730372094,Saint Kitts and Nevis Tourism Guide,KUDIPUDI S KUMAR,"Travel, Navigation"
ios,382233851,Flightradar24 | Flight Tracker,Flightradar24 AB,"Travel, Navigation"
ios,400872444,Taipei Map,CITY APP,"Travel, Navigation"
ios,1094609314,Saudi Arabia Travel Guide,SHAIK MOLA BI,"Travel, Navigation"
ios,963164463,The Jewel Box,Legacy3 Innovations,"Business, Lifestyle"
ios,586495843,ì˜¥ì…˜ ì¤‘ê³ ì¥í„°_ì„±ìˆ™í•œ ì¤‘ê³ ê±°ë˜ì˜ ì‹œì‘,"eBay Auction Co., Ltd.","Business, Lifestyle"
ios,509992470,iDMSS Plus,"ZHEJIANG DAHUA TECHNOLOGY CO.,LTD.","Business, Utilities"
ios,1039243202,Property Law and Litigation,Pillar App Studio Limited,"Business, Utilities"
ios,375427126,Tiffany & Co. Engagement Ring Finder,Tiffany & Co.,"Shopping, Lifestyle"
ios,1229956624,åŒ—ç¾ç™¾äº‹å›,GorillatapStudio Inc.,"Shopping, Lifestyle"
ios,481326696,notebooksbilliger.de,Notebooksbilliger.de AG,"Shopping, Lifestyle"
ios,552324037,èµ¤ã™ãnetã€€å¦Šå¨ ãƒ»å‡ºç”£ãƒ»è‚²å…ã‚’æ¥½ã—ãã™ã‚‹é€šè²©ã‚¢ãƒ—ãƒª,"Recruit Holdings Co.,Ltd.","Shopping, Lifestyle"
ios,1064001928,SieradenFabriek,McWood Solutions,"Shopping, Lifestyle"
ios,1105915281,T-Factory,Teawood Taiwanese Dining Bar Limited,"Shopping, Lifestyle"
ios,1086400508,Army Guide,Marlon Clark,"Education, Reference"
ios,1080647201,Oxford Spanish Dictionary FREE,"MobiSystems, Inc.","Education, Reference"
ios,334325516,NASA,NASA,"Education, Reference"
ios,678475429,×œ×™××•×“ ×œ×ª×™××•×¨×™×” - ×ª×™×¨×’×•×œ ×ª××•×¨×™×” - ×œ×•×— ×ª××¨×•×¨×™×,Yaniv Paz,"Education, Reference"
ios,539369935,Ontario G1 & M1 Practice Test,Deedal Studios Inc,"Education, Reference"
ios,652138795,Ù‚ØµØµ Ù‚Ø¨Ù„ Ø§Ù„Ù†ÙˆÙ…,kastna,"Entertainment, Books"
ios,573311946,Martin MystÃ¨re Mystery Database,Sergio Bonelli Editore,"Entertainment, Books"
ios,857118112,THE LION AND THE MOUSE - Children's stories folktales fairy tales and fables.,Nguyen Tien Dung,"Entertainment, Books"
ios,976942017,iMusic - Free Music & Videos for YouTube,Yibo Mao,"Entertainment, Music"
ios,1067258838,LA RAZA NJ,Dimitrios Voudrislis,"Entertainment, Music"
ios,1157033740,MUTEK.MX,Golive,"Entertainment, Music"
ios,555639105,Saxophone All-in-one,www.saxophone.hk,"Entertainment, Music"
ios,687195932,Radio online,Evgeniy Golota,"Entertainment, Music"
ios,1006114969,Ù…ÙˆØ§Ù‚ÙŠØª Ø§Ù„ØµÙ„Ø§Ø©,Ahmed Nagy,"Utilities, Reference"
ios,354907085,Guide for Candy Crush,Presselite,"Utilities, Reference"
ios,662849055,Groupz,Amos Halfon,"Business, Productivity"
ios,1007275430,ç‰›å€‹ä½“ç®¡ç†ã‚·ã‚¹ãƒ†ãƒ ã€€ã‚«ã‚¦ãƒ­ã‚°,æ ªå¼ä¼šç¤¾ã‚ªãƒ¼ãƒ¬ãƒ³ã‚¹,"Business, Productivity"
ios,1164528287,Et-inn Kebap & Steak,Lokanta.net,"Food & Drink, Lifestyle"
ios,1169472937,Melrose - ÑĞµÑ‚ÑŒ Ğ°Ğ¼ĞµÑ€Ğ¸ĞºĞ°Ğ½ÑĞºĞ¸Ñ… Ñ€ĞµÑÑ‚Ğ¾Ñ€Ğ°Ğ½Ğ¾Ğ²,Genesis Web Service,"Food & Drink, Lifestyle"
ios,1221450767,Namo Persian Kitchen London,Flipdish,"Food & Drink, Lifestyle"
ios,524011750,Italian recipes by ifood.tv,FutureToday Inc,"Food & Drink, Lifestyle"
ios,808796222,FAASOS - Food Order Delivery,FFSPL,"Food & Drink, Lifestyle"
ios,1140040679,Oh My Shopping List Pro- grocery shoplist reminder,Yongqiang Yuan,"Productivity, Lifestyle"
ios,1097752729,æ˜“ç¾-ç¾å®¹é™¢ç®¡ç†ä¸æ‹“å®¢,"Qingdao YouDo biotechnology co., LTD","Productivity, Lifestyle"
ios,972573001,Valoo - Estimer/Revendre,CBien,"Utilities, Productivity"
ios,943916823,Ğ¡Ğ¿ÑƒÑ‚Ğ½Ğ¸Ğº - Ğ‘Ñ€Ğ°ÑƒĞ·ĞµÑ€,OOO Sputnik,"Utilities, Productivity"
ios,1123860591,Owl Decide,Baydin Inc.,"Utilities, Productivity"
ios,774941769,Mythic Tarot,"The Fool's Dog, LLC","Entertainment, Lifestyle"
ios,368204284,Kinepolis,Kinepolis Group N.V.,"Entertainment, Lifestyle"
ios,1061854278,Texture Packs Lite for Minecraft PC,Bharatkumar Manvar,"Entertainment, Lifestyle"
ios,1058465027,Player for Acapella,Joseph Malkoun,"Entertainment, Lifestyle"
ios,317212648,TVGuide.co.uk TV Guide,YO.TV,"Entertainment, Reference"
ios,1045378731,Coral Reefs Wiki +,Andreea Jones,"Entertainment, Reference"
ios,887628028,ClÃ­nica Universal,Dinan Aplicaciones TecnolÃ³gicas,"Medical, Health & Fitness"
ios,458609154,CongrÃ¨s ADF,Goomeo,"Medical, Health & Fitness"
ios,590183070,Hamilelik ve Gebelik Takibi,Zooba Games,"Medical, Health & Fitness"
ios,581893877,Quit smoking now â€“ Quit smoking Buddy!,sander van der graaff,"Medical, Health & Fitness"
ios,943347681,7Mind - Meditation & Achtsamkeit,7Mind,"Lifestyle, Health & Fitness"
ios,967725415,Hairstyle Simulation - SimFront,TAKAYUKI ARAKI,"Lifestyle, Health & Fitness"
ios,1021830002,[ç„¡æ–™]ã­ã”ã¨ãƒ»ã„ã³ããƒ¬ã‚³ãƒ¼ãƒ€ãƒ¼ã€€ãƒãƒƒã‚¯ã‚°ãƒ©ãƒ³ãƒ‰éŒ²éŸ³æ©Ÿèƒ½ä»˜ãï¼,"VantageApps Co., Ltd.","Lifestyle, Health & Fitness"
ios,1121156479,STRAFF & SCHÃ–N,Shore GmbH,"Lifestyle, Health & Fitness"
ios,1231868837,Healthy Ramadan,Copavo B.V.,"Lifestyle, Health & Fitness"
ios,1055372400,Ù¡Ù¦ Ø§Ù„Ù ØµÙˆØ±Ø© ÙˆØ§ØªØ³ Ø§Ø¨,"Behar Albarmajyat ,LLC","Social Networking, Photography"
ios,844746648,BiziCard,"Busica,Ltd.","Social Networking, Photography"
ios,841164653,Rage Quit,Scott Cawthon,"Games/Action, Games/Arcade, Games"
ios,919132359,Mixels Rush - Use Mixes Maxes and Murps to Outrun the Nixels,Cartoon Network,"Games/Action, Games/Arcade, Games"
ios,1090922114,Revolver Shooting Range: Magnum .44 - Accuracy & Reflex Target Shooting Game.,Play Cool Zombie Sport Games sp. z o.o.,"Games/Simulation, Games/Sports, Sports, Games"
ios,1047616081,Epic Cricket â€“ Big League Game,Nazara Technologies Private Limited,"Games/Simulation, Games/Sports, Sports, Games"
ios,922488002,WordBubbles!,Apprope,"Entertainment, Games/Puzzle, Games/Word, Games"
ios,945155994,Word Search - Find the Hidden Words Puzzle Game,Nicholas Detwattananun,"Entertainment, Games/Puzzle, Games/Word, Games"
ios,689847616,Metal Gears Biking,jef nielsen,"Entertainment, Games/Action, Games/Arcade, Games"
ios,1088926442,Veteran's Affairs,Randolph Espejo,"Entertainment, Games/Action, Games/Arcade, Games"
ios,1054818220,Hop Hop Hop,Ketchapp,"Entertainment, Games/Action, Games/Arcade, Games"
ios,998729635,Rush Hero,Ketchapp,"Entertainment, Games/Action, Games/Arcade, Games"
ios,962955811,Punky Fly,Fancy Turnip Llc,"Entertainment, Games/Action, Games/Arcade, Games"
ios,533752187,Battleship War,WhiteBigRabbit,"Entertainment, Games/Racing, Games/Arcade, Games"
ios,980793101,Arcade Shooter,iWEBss.com,"Entertainment, Games/Racing, Games/Arcade, Games"
ios,420587663,Garbage Truck,Good Glue,"Games/Educational, Education, Games/Family, Games"
ios,477389150,Interactive Telling Time - Learning to tell time is fun,GiggleUp Kids Apps And Educational Games Pty Ltd,"Games/Educational, Education, Games/Family, Games"
ios,796981016,Tim the Fox - Puzzle - free preschool puzzle game,Internet-Expert,"Games/Educational, Education, Games/Puzzle, Games"
ios,638185664,Flags and Countries - Quiz for Learning Geography,"Game Maker Photo Video and Emoji for Basketball Kids, LLC","Games/Educational, Education, Games/Puzzle, Games"
ios,1086758579,VR HORROR,andrew sasaki,"Entertainment, Games/Action, Games/Adventure, Games"
ios,1200668211,Mutant Hero,LLC It Works,"Entertainment, Games/Action, Games/Adventure, Games"
ios,669213976,PACIFIC RIM: JAEGER VS KAIJU BATTLE,Warner Bros.,"Entertainment, Games/Action, Games/Adventure, Games"
ios,1011739602,Egyxos Labyrinth Run,De Agostini Publishing Italia S.p.A.,"Entertainment, Games/Action, Games/Adventure, Games"
ios,1049099873,Sea of Lies: Burning Coast - A Mystery Hidden Object Game (Full),"Big Fish Games, Inc","Entertainment, Games/Puzzle, Games/Adventure, Games"
ios,674535826,Brightstone Mysteries: Paranormal Hotel,G5 Entertainment,"Entertainment, Games/Puzzle, Games/Adventure, Games"
ios,867470826,Messy Alice Challenge - Adventures in Wonderland,Kids Fun Club by TabTale,"Entertainment, Games/Family, Games/Role Playing, Games"
ios,731343630,Foot Spa Salon,Buffy Moon Ltd,"Entertainment, Games/Family, Games/Role Playing, Games"
ios,1030705227,BFF - High School Fashion 2,Games2win,"Entertainment, Games/Family, Games/Role Playing, Games"
ios,1083356592,Work hard Hero,Jong Jin Kim,"Entertainment, Games/Simulation, Games/Adventure, Games"
ios,1234206625,President Trump City Conquerz,Do Hong Tra My,"Entertainment, Games/Simulation, Games/Adventure, Games"
ios,1097453810,Laser Pointer Master Simulator,Stepan Ivanov,"Entertainment, Games/Simulation, Games/Adventure, Games"
ios,766392904,Kissed by the Baddest Bidder,Voltage inc.,"Entertainment, Games/Role Playing, Games/Simulation, Games"
ios,1008562531,Blackbird Simulator,Chroma Club,"Entertainment, Games/Role Playing, Games/Simulation, Games"
ios,537581869,Water Park,Zia U,"Entertainment, Games/Role Playing, Games/Simulation, Games"
